{"cameraMode":{"drawMode":0,"name":"Shaded","section":"Shading Mode"},"sceneLighting":true,"audioPlay":false,"sceneViewState":{"showFog":true,"showMaterialUpdate":true,"showSkybox":true,"showFlares":true,"showImageEffects":true,"showParticleSystems":true},"in2DMode":false,"pivot":{"x":129.87246704101563,"y":371.18157958984377,"z":50.52278518676758},"rotation":{"x":-0.09018151462078095,"y":0.011052301153540612,"z":-0.0010001047048717738,"w":-0.9958653450012207},"size":142.7379913330078,"orthographic":false}