{"cameraMode":{"drawMode":0,"name":"Shaded","section":"Shading Mode"},"sceneLighting":false,"audioPlay":false,"sceneViewState":{"showFog":true,"showMaterialUpdate":true,"showSkybox":false,"showFlares":true,"showImageEffects":true,"showParticleSystems":true},"in2DMode":false,"pivot":{"x":-1.2740000486373902,"y":0.5339999198913574,"z":-0.047711923718452457},"rotation":{"x":-0.04219472408294678,"y":0.06947921961545944,"z":-0.002940977457910776,"w":-0.9966873526573181},"size":0.8594903945922852,"orthographic":false}